MPN,Manufacturer,Description,Symbol,Footprint,Resistance,Voltage,Power,Tolerance,Temperature Coefficient,Type,RoHS,Mouser PN,JLCPCB Type,JLCPCB PN,Datasheet
0402WGF0000TCE,Uniroyal Electronics Industry,0R 1% 0402 General Thick Film Resistor,Device:R,Chip:RESC1005X40_NOMB,0R,50V,62.5mW,±1%,±800ppm/°C,Thick Film,Compliant,303-0402WGF0000TCE,Basic,C17168,https://www.uni-royal.cn/en/images/userfile/file/1668661899c56505e6d9ab55c7.pdf
0603WAF0000T5E,Uniroyal Electronics Industry,0R 1% 0603 General Thick Film Resistor,Device:R,Chip:RESC1608X55_NOMB,0R,75V,100mW,±1%,±800ppm/°C,Thick Film,Compliant,303-0603WAF0000T5E,Basic,C21189,https://www.uni-royal.cn/en/images/userfile/file/1668661899c56505e6d9ab55c7.pdf
0805W8F0000T5E,Uniroyal Electronics Industry,0R 1% 0805 General Thick Film Resistor,Device:R,Chip:RESC2012X65_NOMB,0R,150V,125mW,±1%,±800ppm/°C,Thick Film,Compliant,303-0805W8F0000T5E,Basic,C17477,https://www.uni-royal.cn/en/images/userfile/file/1668661899c56505e6d9ab55c7.pdf
1206W4F0000T5E,Uniroyal Electronics Industry,0R 1% 1206 General Thick Film Resistor,Device:R,Chip:RESC3216X65_NOMB,0R,200V,250mW,±1%,±800ppm/°C,Thick Film,Compliant,303-1206W4F0000T5E,Basic,C17888,https://www.uni-royal.cn/en/images/userfile/file/1668661899c56505e6d9ab55c7.pdf
0402WGF100KTCE,Uniroyal Electronics Industry,1R 1% 0402 General Thick Film Resistor,Device:R,Chip:RESC1005X40_NOMB,1R,50V,62.5mW,±1%,±200ppm/°C,Thick Film,Compliant,303-0402WGF100KTCE,Preferred,C25086,https://www.uni-royal.cn/en/images/userfile/file/1668661899c56505e6d9ab55c7.pdf
0603WAF100KT5E,Uniroyal Electronics Industry,1R 1% 0603 General Thick Film Resistor,Device:R,Chip:RESC1608X55_NOMB,1R,75V,100mW,±1%,±200ppm/°C,Thick Film,Compliant,303-0603WAF100KT5E,Basic,C22936,https://www.uni-royal.cn/en/images/userfile/file/1668661899c56505e6d9ab55c7.pdf
1206W4F100KT5E,Uniroyal Electronics Industry,1R 1% 1206 General Thick Film Resistor,Device:R,Chip:RESC3216X65_NOMB,1R,200V,250mW,±1%,±200ppm/°C,Thick Film,Compliant,303-1206W4F100KT5E,Basic,C17928,https://www.uni-royal.cn/en/images/userfile/file/1668661899c56505e6d9ab55c7.pdf
0603WAF200KT5E,Uniroyal Electronics Industry,2R 1% 0603 General Thick Film Resistor,Device:R,Chip:RESC1608X55_NOMB,2R,75V,100mW,±1%,±200ppm/°C,Thick Film,Compliant,303-0603WAF200KT5E,Basic,C22977,https://www.uni-royal.cn/en/images/userfile/file/1668661899c56505e6d9ab55c7.pdf
0805W8F200KT5E,Uniroyal Electronics Industry,2R 1% 0805 General Thick Film Resistor,Device:R,Chip:RESC2012X65_NOMB,2R,150V,125mW,±1%,±200ppm/°C,Thick Film,Compliant,303-0805W8F200KT5E,Preferred,C17606,https://www.uni-royal.cn/en/images/userfile/file/1668661899c56505e6d9ab55c7.pdf
0603WAF220KT5E,Uniroyal Electronics Industry,2.2R 1% 0603 General Thick Film Resistor,Device:R,Chip:RESC1608X55_NOMB,2.2R,75V,100mW,±1%,±200ppm/°C,Thick Film,Compliant,303-0603WAF220KT5E,Basic,C22939,https://www.uni-royal.cn/en/images/userfile/file/1668661899c56505e6d9ab55c7.pdf
0805W8F220KT5E,Uniroyal Electronics Industry,2.2R 1% 0805 General Thick Film Resistor,Device:R,Chip:RESC2012X65_NOMB,2.2R,150V,125mW,±1%,±200ppm/°C,Thick Film,Compliant,303-0805W8F220KT5E,Basic,C17521,https://www.uni-royal.cn/en/images/userfile/file/1668661899c56505e6d9ab55c7.pdf
0603WAF470KT5E,Uniroyal Electronics Industry,4.7R 1% 0603 General Thick Film Resistor,Device:R,Chip:RESC1608X55_NOMB,4.7R,75V,100mW,±1%,±200ppm/°C,Thick Film,Compliant,303-0603WAF470KT5E,Basic,C23164,https://www.uni-royal.cn/en/images/userfile/file/1668661899c56505e6d9ab55c7.pdf
0805W8F470KT5E,Uniroyal Electronics Industry,4.7R 1% 0805 General Thick Film Resistor,Device:R,Chip:RESC2012X65_NOMB,4.7R,150V,125mW,±1%,±200ppm/°C,Thick Film,Compliant,303-0805W8F470KT5E,Basic,C17675,https://www.uni-royal.cn/en/images/userfile/file/1668661899c56505e6d9ab55c7.pdf
0805W8F510KT5E,Uniroyal Electronics Industry,5.1R 1% 0805 General Thick Film Resistor,Device:R,Chip:RESC2012X65_NOMB,5.1R,150V,125mW,±1%,±200ppm/°C,Thick Film,Compliant,303-0805W8F510KT5E,Basic,C17724,https://www.uni-royal.cn/en/images/userfile/file/1668661899c56505e6d9ab55c7.pdf
0402WGF100JTCE,Uniroyal Electronics Industry,10R 1% 0402 General Thick Film Resistor,Device:R,Chip:RESC1005X40_NOMB,10R,50V,62.5mW,±1%,±200ppm/°C,Thick Film,Compliant,303-0402WGF100JTCE,Basic,C25077,https://www.uni-royal.cn/en/images/userfile/file/1668661899c56505e6d9ab55c7.pdf
0603WAF100JT5E,Uniroyal Electronics Industry,10R 1% 0603 General Thick Film Resistor,Device:R,Chip:RESC1608X55_NOMB,10R,75V,100mW,±1%,±200ppm/°C,Thick Film,Compliant,303-0603WAF100JT5E,Basic,C22859,https://www.uni-royal.cn/en/images/userfile/file/1668661899c56505e6d9ab55c7.pdf
0805W8F100JT5E,Uniroyal Electronics Industry,10R 1% 0805 General Thick Film Resistor,Device:R,Chip:RESC2012X65_NOMB,10R,150V,125mW,±1%,±200ppm/°C,Thick Film,Compliant,303-0805W8F100JT5E,Basic,C17415,https://www.uni-royal.cn/en/images/userfile/file/1668661899c56505e6d9ab55c7.pdf
1206W4F100JT5E,Uniroyal Electronics Industry,10R 1% 1206 General Thick Film Resistor,Device:R,Chip:RESC3216X65_NOMB,10R,200V,250mW,±1%,±200ppm/°C,Thick Film,Compliant,303-1206W4F100JT5E,Basic,C17903,https://www.uni-royal.cn/en/images/userfile/file/1668661899c56505e6d9ab55c7.pdf
0603WAF150JT5E,Uniroyal Electronics Industry,15R 1% 0603 General Thick Film Resistor,Device:R,Chip:RESC1608X55_NOMB,15R,75V,100mW,±1%,±100ppm/°C,Thick Film,Compliant,303-0603WAF150JT5E,Preferred,C22810,https://www.uni-royal.cn/en/images/userfile/file/1668661899c56505e6d9ab55c7.pdf
0805W8F150JT5E,Uniroyal Electronics Industry,15R 1% 0805 General Thick Film Resistor,Device:R,Chip:RESC2012X65_NOMB,15R,150V,125mW,±1%,±100ppm/°C,Thick Film,Compliant,303-0805W8F150JT5E,Preferred,C17480,https://www.uni-royal.cn/en/images/userfile/file/1668661899c56505e6d9ab55c7.pdf
0603WAF200JT5E,Uniroyal Electronics Industry,20R 1% 0603 General Thick Film Resistor,Device:R,Chip:RESC1608X55_NOMB,20R,75V,100mW,±1%,±100ppm/°C,Thick Film,Compliant,303-0603WAF200JT5E,Basic,C22950,https://www.uni-royal.cn/en/images/userfile/file/1668661899c56505e6d9ab55c7.pdf
0805W8F200JT5E,Uniroyal Electronics Industry,20R 1% 0805 General Thick Film Resistor,Device:R,Chip:RESC2012X65_NOMB,20R,150V,125mW,±1%,±100ppm/°C,Thick Film,Compliant,303-0805W8F200JT5E,Basic,C17544,https://www.uni-royal.cn/en/images/userfile/file/1668661899c56505e6d9ab55c7.pdf
1206W4F200JT5E,Uniroyal Electronics Industry,20R 1% 1206 General Thick Film Resistor,Device:R,Chip:RESC3216X65_NOMB,20R,200V,250mW,±1%,±100ppm/°C,Thick Film,Compliant,303-1206W4F200JT5E,Basic,C17955,https://www.uni-royal.cn/en/images/userfile/file/1668661899c56505e6d9ab55c7.pdf
0402WGF220JTCE,Uniroyal Electronics Industry,22R 1% 0402 General Thick Film Resistor,Device:R,Chip:RESC1005X40_NOMB,22R,50V,62.5mW,±1%,±200ppm/°C,Thick Film,Compliant,303-0402WGF220JTCE,Basic,C25092,https://www.uni-royal.cn/en/images/userfile/file/1668661899c56505e6d9ab55c7.pdf
0603WAF220JT5E,Uniroyal Electronics Industry,22R 1% 0603 General Thick Film Resistor,Device:R,Chip:RESC1608X55_NOMB,22R,75V,100mW,±1%,±100ppm/°C,Thick Film,Compliant,303-0603WAF220JT5E,Basic,C23345,https://www.uni-royal.cn/en/images/userfile/file/1668661899c56505e6d9ab55c7.pdf
0805W8F220JT5E,Uniroyal Electronics Industry,22R 1% 0805 General Thick Film Resistor,Device:R,Chip:RESC2012X65_NOMB,22R,150V,125mW,±1%,±100ppm/°C,Thick Film,Compliant,303-0805W8F220JT5E,Basic,C17561,https://www.uni-royal.cn/en/images/userfile/file/1668661899c56505e6d9ab55c7.pdf
1206W4F220JT5E,Uniroyal Electronics Industry,22R 1% 1206 General Thick Film Resistor,Device:R,Chip:RESC3216X65_NOMB,22R,200V,250mW,±1%,±100ppm/°C,Thick Film,Compliant,303-1206W4F220JT5E,Basic,C17958,https://www.uni-royal.cn/en/images/userfile/file/1668661899c56505e6d9ab55c7.pdf
0805W8F270JT5E,Uniroyal Electronics Industry,27R 1% 0805 General Thick Film Resistor,Device:R,Chip:RESC2012X65_NOMB,27R,150V,125mW,±1%,±100ppm/°C,Thick Film,Compliant,303-0805W8F270JT5E,Preferred,C17594,https://www.uni-royal.cn/en/images/userfile/file/1668661899c56505e6d9ab55c7.pdf
0402WGF330JTCE,Uniroyal Electronics Industry,33R 1% 0402 General Thick Film Resistor,Device:R,Chip:RESC1005X40_NOMB,33R,50V,62.5mW,±1%,±100ppm/°C,Thick Film,Compliant,303-0402WGF330JTCE,Basic,C25105,https://www.uni-royal.cn/en/images/userfile/file/1668661899c56505e6d9ab55c7.pdf
0603WAF330JT5E,Uniroyal Electronics Industry,33R 1% 0603 General Thick Film Resistor,Device:R,Chip:RESC1608X55_NOMB,33R,75V,100mW,±1%,±100ppm/°C,Thick Film,Compliant,303-0603WAF330JT5E,Basic,C23140,https://www.uni-royal.cn/en/images/userfile/file/1668661899c56505e6d9ab55c7.pdf
0805W8F330JT5E,Uniroyal Electronics Industry,33R 1% 0805 General Thick Film Resistor,Device:R,Chip:RESC2012X65_NOMB,33R,150V,125mW,±1%,±100ppm/°C,Thick Film,Compliant,303-0805W8F330JT5E,Basic,C17634,https://www.uni-royal.cn/en/images/userfile/file/1668661899c56505e6d9ab55c7.pdf
0402WGF470JTCE,Uniroyal Electronics Industry,47R 1% 0402 General Thick Film Resistor,Device:R,Chip:RESC1005X40_NOMB,47R,50V,62.5mW,±1%,±100ppm/°C,Thick Film,Compliant,303-0402WGF470JTCE,Preferred,C25118,https://www.uni-royal.cn/en/images/userfile/file/1668661899c56505e6d9ab55c7.pdf
0603WAF470JT5E,Uniroyal Electronics Industry,47R 1% 0603 General Thick Film Resistor,Device:R,Chip:RESC1608X55_NOMB,47R,75V,100mW,±1%,±100ppm/°C,Thick Film,Compliant,303-0603WAF470JT5E,Basic,C23182,https://www.uni-royal.cn/en/images/userfile/file/1668661899c56505e6d9ab55c7.pdf
0805W8F470JT5E,Uniroyal Electronics Industry,47R 1% 0805 General Thick Film Resistor,Device:R,Chip:RESC2012X65_NOMB,47R,150V,125mW,±1%,±100ppm/°C,Thick Film,Compliant,303-0805W8F470JT5E,Basic,C17714,https://www.uni-royal.cn/en/images/userfile/file/1668661899c56505e6d9ab55c7.pdf
0402WGF499JTCE,Uniroyal Electronics Industry,49.9R 1% 0402 General Thick Film Resistor,Device:R,Chip:RESC1005X40_NOMB,49.9R,50V,62.5mW,±1%,±100ppm/°C,Thick Film,Compliant,303-0402WGF499JTCE,Basic,C25120,https://www.uni-royal.cn/en/images/userfile/file/1668661899c56505e6d9ab55c7.pdf
0603WAF499JT5E,Uniroyal Electronics Industry,49.9R 1% 0603 General Thick Film Resistor,Device:R,Chip:RESC1608X55_NOMB,49.9R,75V,100mW,±1%,±100ppm/°C,Thick Film,Compliant,303-0603WAF499JT5E,Basic,C23185,https://www.uni-royal.cn/en/images/userfile/file/1668661899c56505e6d9ab55c7.pdf
0805W8F499JT5E,Uniroyal Electronics Industry,49.9R 1% 0805 General Thick Film Resistor,Device:R,Chip:RESC2012X65_NOMB,49.9R,150V,125mW,±1%,±100ppm/°C,Thick Film,Compliant,303-0805W8F499JT5E,Basic,C17720,https://www.uni-royal.cn/en/images/userfile/file/1668661899c56505e6d9ab55c7.pdf
0603WAF510JT5E,Uniroyal Electronics Industry,51R 1% 0603 General Thick Film Resistor,Device:R,Chip:RESC1608X55_NOMB,51R,75V,100mW,±1%,±100ppm/°C,Thick Film,Compliant,303-0603WAF510JT5E,Basic,C23197,https://www.uni-royal.cn/en/images/userfile/file/1668661899c56505e6d9ab55c7.pdf
0805W8F510JT5E,Uniroyal Electronics Industry,51R 1% 0805 General Thick Film Resistor,Device:R,Chip:RESC2012X65_NOMB,51R,150V,125mW,±1%,±100ppm/°C,Thick Film,Compliant,303-0805W8F510JT5E,Basic,C17738,https://www.uni-royal.cn/en/images/userfile/file/1668661899c56505e6d9ab55c7.pdf
0805W8F560JT5E,Uniroyal Electronics Industry,56R 1% 0805 General Thick Film Resistor,Device:R,Chip:RESC2012X65_NOMB,56R,150V,125mW,±1%,±100ppm/°C,Thick Film,Compliant,303-0805W8F560JT5E,Preferred,C17757,https://www.uni-royal.cn/en/images/userfile/file/1668661899c56505e6d9ab55c7.pdf
0805W8F680JT5E,Uniroyal Electronics Industry,68R 1% 0805 General Thick Film Resistor,Device:R,Chip:RESC2012X65_NOMB,68R,150V,125mW,±1%,±100ppm/°C,Thick Film,Compliant,303-0805W8F680JT5E,Preferred,C17802,https://www.uni-royal.cn/en/images/userfile/file/1668661899c56505e6d9ab55c7.pdf
0603WAF750JT5E,Uniroyal Electronics Industry,75R 1% 0603 General Thick Film Resistor,Device:R,Chip:RESC1608X55_NOMB,75R,75V,100mW,±1%,±100ppm/°C,Thick Film,Compliant,303-0603WAF750JT5E,Basic,C4275,https://www.uni-royal.cn/en/images/userfile/file/1668661899c56505e6d9ab55c7.pdf
0805W8F750JT5E,Uniroyal Electronics Industry,75R 1% 0805 General Thick Film Resistor,Device:R,Chip:RESC2012X65_NOMB,75R,150V,125mW,±1%,±100ppm/°C,Thick Film,Compliant,303-0805W8F750JT5E,Preferred,C20638,https://www.uni-royal.cn/en/images/userfile/file/1668661899c56505e6d9ab55c7.pdf
0603WAF820JT5E,Uniroyal Electronics Industry,82R 1% 0603 General Thick Film Resistor,Device:R,Chip:RESC1608X55_NOMB,82R,75V,100mW,±1%,±100ppm/°C,Thick Film,Compliant,303-0603WAF820JT5E,Preferred,C23255,https://www.uni-royal.cn/en/images/userfile/file/1668661899c56505e6d9ab55c7.pdf
0402WGF1000TCE,Uniroyal Electronics Industry,100R 1% 0402 General Thick Film Resistor,Device:R,Chip:RESC1005X40_NOMB,100R,50V,62.5mW,±1%,±100ppm/°C,Thick Film,Compliant,303-0402WGF1000TCE,Basic,C25076,https://www.uni-royal.cn/en/images/userfile/file/1668661899c56505e6d9ab55c7.pdf
0603WAF1000T5E,Uniroyal Electronics Industry,100R 1% 0603 General Thick Film Resistor,Device:R,Chip:RESC1608X55_NOMB,100R,75V,100mW,±1%,±100ppm/°C,Thick Film,Compliant,303-0603WAF1000T5E,Basic,C22775,https://www.uni-royal.cn/en/images/userfile/file/1668661899c56505e6d9ab55c7.pdf
0805W8F1000T5E,Uniroyal Electronics Industry,100R 1% 0805 General Thick Film Resistor,Device:R,Chip:RESC2012X65_NOMB,100R,150V,125mW,±1%,±100ppm/°C,Thick Film,Compliant,303-0805W8F1000T5E,Basic,C17408,https://www.uni-royal.cn/en/images/userfile/file/1668661899c56505e6d9ab55c7.pdf
1206W4F1000T5E,Uniroyal Electronics Industry,100R 1% 1206 General Thick Film Resistor,Device:R,Chip:RESC3216X65_NOMB,100R,200V,250mW,±1%,±100ppm/°C,Thick Film,Compliant,303-1206W4F1000T5E,Basic,C17901,https://www.uni-royal.cn/en/images/userfile/file/1668661899c56505e6d9ab55c7.pdf
0402WGF1200TCE,Uniroyal Electronics Industry,120R 1% 0402 General Thick Film Resistor,Device:R,Chip:RESC1005X40_NOMB,120R,50V,62.5mW,±1%,±100ppm/°C,Thick Film,Compliant,303-0402WGF1200TCE,Basic,C25079,https://www.uni-royal.cn/en/images/userfile/file/1668661899c56505e6d9ab55c7.pdf
0603WAF1200T5E,Uniroyal Electronics Industry,120R 1% 0603 General Thick Film Resistor,Device:R,Chip:RESC1608X55_NOMB,120R,75V,100mW,±1%,±100ppm/°C,Thick Film,Compliant,303-0603WAF1200T5E,Basic,C22787,https://www.uni-royal.cn/en/images/userfile/file/1668661899c56505e6d9ab55c7.pdf
0805W8F1200T5E,Uniroyal Electronics Industry,120R 1% 0805 General Thick Film Resistor,Device:R,Chip:RESC2012X65_NOMB,120R,150V,125mW,±1%,±100ppm/°C,Thick Film,Compliant,303-0805W8F1200T5E,Basic,C17437,https://www.uni-royal.cn/en/images/userfile/file/1668661899c56505e6d9ab55c7.pdf
1206W4F1200T5E,Uniroyal Electronics Industry,120R 1% 1206 General Thick Film Resistor,Device:R,Chip:RESC3216X65_NOMB,120R,200V,250mW,±1%,±100ppm/°C,Thick Film,Compliant,303-1206W4F1200T5E,Basic,C17909,https://www.uni-royal.cn/en/images/userfile/file/1668661899c56505e6d9ab55c7.pdf
0402WGF1500TCE,Uniroyal Electronics Industry,150R 1% 0402 General Thick Film Resistor,Device:R,Chip:RESC1005X40_NOMB,150R,50V,62.5mW,±1%,±100ppm/°C,Thick Film,Compliant,303-0402WGF1500TCE,Preferred,C25082,https://www.uni-royal.cn/en/images/userfile/file/1668661899c56505e6d9ab55c7.pdf
0603WAF1500T5E,Uniroyal Electronics Industry,150R 1% 0603 General Thick Film Resistor,Device:R,Chip:RESC1608X55_NOMB,150R,75V,100mW,±1%,±100ppm/°C,Thick Film,Compliant,303-0603WAF1500T5E,Basic,C22808,https://www.uni-royal.cn/en/images/userfile/file/1668661899c56505e6d9ab55c7.pdf
0805W8F1500T5E,Uniroyal Electronics Industry,150R 1% 0805 General Thick Film Resistor,Device:R,Chip:RESC2012X65_NOMB,150R,150V,125mW,±1%,±100ppm/°C,Thick Film,Compliant,303-0805W8F1500T5E,Basic,C17471,https://www.uni-royal.cn/en/images/userfile/file/1668661899c56505e6d9ab55c7.pdf
1206W4F1800T5E,Uniroyal Electronics Industry,180R 1% 1206 General Thick Film Resistor,Device:R,Chip:RESC3216X65_NOMB,180R,200V,250mW,±1%,±100ppm/°C,Thick Film,Compliant,303-1206W4F1800T5E,Preferred,C17924,https://www.uni-royal.cn/en/images/userfile/file/1668661899c56505e6d9ab55c7.pdf
0603WAF1800T5E,Uniroyal Electronics Industry,180R 1% 0603 General Thick Film Resistor,Device:R,Chip:RESC1608X55_NOMB,180R,75V,100mW,±1%,±100ppm/°C,Thick Film,Compliant,303-0603WAF1800T5E,Preferred,C22828,https://www.uni-royal.cn/en/images/userfile/file/1668661899c56505e6d9ab55c7.pdf
0402WGF2000TCE,Uniroyal Electronics Industry,200R 1% 0402 General Thick Film Resistor,Device:R,Chip:RESC1005X40_NOMB,200R,50V,62.5mW,±1%,±100ppm/°C,Thick Film,Compliant,303-0402WGF2000TCE,Basic,C25087,https://www.uni-royal.cn/en/images/userfile/file/1668661899c56505e6d9ab55c7.pdf
0603WAF2000T5E,Uniroyal Electronics Industry,200R 1% 0603 General Thick Film Resistor,Device:R,Chip:RESC1608X55_NOMB,200R,75V,100mW,±1%,±100ppm/°C,Thick Film,Compliant,303-0603WAF2000T5E,Basic,C8218,https://www.uni-royal.cn/en/images/userfile/file/1668661899c56505e6d9ab55c7.pdf
0805W8F2000T5E,Uniroyal Electronics Industry,200R 1% 0805 General Thick Film Resistor,Device:R,Chip:RESC2012X65_NOMB,200R,150V,125mW,±1%,±100ppm/°C,Thick Film,Compliant,303-0805W8F2000T5E,Basic,C17540,https://www.uni-royal.cn/en/images/userfile/file/1668661899c56505e6d9ab55c7.pdf
0402WGF2200TCE,Uniroyal Electronics Industry,220R 1% 0402 General Thick Film Resistor,Device:R,Chip:RESC1005X40_NOMB,220R,50V,62.5mW,±1%,±100ppm/°C,Thick Film,Compliant,303-0402WGF2200TCE,Basic,C25091,https://www.uni-royal.cn/en/images/userfile/file/1668661899c56505e6d9ab55c7.pdf
0603WAF2200T5E,Uniroyal Electronics Industry,220R 1% 0603 General Thick Film Resistor,Device:R,Chip:RESC1608X55_NOMB,220R,75V,100mW,±1%,±100ppm/°C,Thick Film,Compliant,303-0603WAF2200T5E,Basic,C22962,https://www.uni-royal.cn/en/images/userfile/file/1668661899c56505e6d9ab55c7.pdf
0805W8F2200T5E,Uniroyal Electronics Industry,220R 1% 0805 General Thick Film Resistor,Device:R,Chip:RESC2012X65_NOMB,220R,150V,125mW,±1%,±100ppm/°C,Thick Film,Compliant,303-0805W8F2200T5E,Basic,C17557,https://www.uni-royal.cn/en/images/userfile/file/1668661899c56505e6d9ab55c7.pdf
0603WAF2400T5E,Uniroyal Electronics Industry,240R 1% 0603 General Thick Film Resistor,Device:R,Chip:RESC1608X55_NOMB,240R,75V,100mW,±1%,±100ppm/°C,Thick Film,Compliant,303-0603WAF2400T5E,Preferred,C23350,https://www.uni-royal.cn/en/images/userfile/file/1668661899c56505e6d9ab55c7.pdf
0805W8F2400T5E,Uniroyal Electronics Industry,240R 1% 0805 General Thick Film Resistor,Device:R,Chip:RESC2012X65_NOMB,240R,150V,125mW,±1%,±100ppm/°C,Thick Film,Compliant,303-0805W8F2400T5E,Preferred,C17572,https://www.uni-royal.cn/en/images/userfile/file/1668661899c56505e6d9ab55c7.pdf
0805W8F2700T5E,Uniroyal Electronics Industry,270R 1% 0805 General Thick Film Resistor,Device:R,Chip:RESC2012X65_NOMB,240R,150V,125mW,±1%,±100ppm/°C,Thick Film,Compliant,303-0805W8F2700T5E,Preferred,C17590,https://www.uni-royal.cn/en/images/userfile/file/1668661899c56505e6d9ab55c7.pdf
0603WAF2700T5E,Uniroyal Electronics Industry,270R 1% 0603 General Thick Film Resistor,Device:R,Chip:RESC1608X55_NOMB,270R,75V,100mW,±1%,±100ppm/°C,Thick Film,Compliant,303-0603WAF2700T5E,Basic,C22966,https://www.uni-royal.cn/en/images/userfile/file/1668661899c56505e6d9ab55c7.pdf
0402WGF3000TCE,Uniroyal Electronics Industry,300R 1% 0402 General Thick Film Resistor,Device:R,Chip:RESC1005X40_NOMB,300R,50V,62.5mW,±1%,±100ppm/°C,Thick Film,Compliant,303-0402WGF3000TCE,Preferred,C25102,https://www.uni-royal.cn/en/images/userfile/file/1668661899c56505e6d9ab55c7.pdf
0603WAF3000T5E,Uniroyal Electronics Industry,300R 1% 0603 General Thick Film Resistor,Device:R,Chip:RESC1608X55_NOMB,300R,75V,100mW,±1%,±100ppm/°C,Thick Film,Compliant,303-0603WAF3000T5E,Basic,C23025,https://www.uni-royal.cn/en/images/userfile/file/1668661899c56505e6d9ab55c7.pdf
0805W8F3000T5E,Uniroyal Electronics Industry,300R 1% 0805 General Thick Film Resistor,Device:R,Chip:RESC2012X65_NOMB,300R,150V,125mW,±1%,±100ppm/°C,Thick Film,Compliant,303-0805W8F3000T5E,Basic,C17617,https://www.uni-royal.cn/en/images/userfile/file/1668661899c56505e6d9ab55c7.pdf
1206W4F3000T5E,Uniroyal Electronics Industry,300R 1% 1206 General Thick Film Resistor,Device:R,Chip:RESC3216X65_NOMB,300R,200V,250mW,±1%,±100ppm/°C,Thick Film,Compliant,303-1206W4F3000T5E,Basic,C17887,https://www.uni-royal.cn/en/images/userfile/file/1668661899c56505e6d9ab55c7.pdf
0402WGF3300TCE,Uniroyal Electronics Industry,330R 1% 0402 General Thick Film Resistor,Device:R,Chip:RESC1005X40_NOMB,330R,50V,62.5mW,±1%,±100ppm/°C,Thick Film,Compliant,303-0402WGF3300TCE,Basic,C25104,https://www.uni-royal.cn/en/images/userfile/file/1668661899c56505e6d9ab55c7.pdf
0603WAF3300T5E,Uniroyal Electronics Industry,330R 1% 0603 General Thick Film Resistor,Device:R,Chip:RESC1608X55_NOMB,330R,75V,100mW,±1%,±100ppm/°C,Thick Film,Compliant,303-0603WAF3300T5E,Basic,C23138,https://www.uni-royal.cn/en/images/userfile/file/1668661899c56505e6d9ab55c7.pdf
0805W8F3300T5E,Uniroyal Electronics Industry,330R 1% 0805 General Thick Film Resistor,Device:R,Chip:RESC2012X65_NOMB,330R,150V,125mW,±1%,±100ppm/°C,Thick Film,Compliant,303-0805W8F3300T5E,Basic,C17630,https://www.uni-royal.cn/en/images/userfile/file/1668661899c56505e6d9ab55c7.pdf
0603WAF3900T5E,Uniroyal Electronics Industry,390R 1% 0603 General Thick Film Resistor,Device:R,Chip:RESC1608X55_NOMB,390R,75V,100mW,±1%,±100ppm/°C,Thick Film,Compliant,303-0603WAF3900T5E,Basic,C23151,https://www.uni-royal.cn/en/images/userfile/file/1668661899c56505e6d9ab55c7.pdf
0805W8F3900T5E,Uniroyal Electronics Industry,390R 1% 0805 General Thick Film Resistor,Device:R,Chip:RESC2012X65_NOMB,390R,150V,125mW,±1%,±100ppm/°C,Thick Film,Compliant,303-0805W8F3900T5E,Basic,C17655,https://www.uni-royal.cn/en/images/userfile/file/1668661899c56505e6d9ab55c7.pdf
0603WAF4300T5E,Uniroyal Electronics Industry,430R 1% 0603 General Thick Film Resistor,Device:R,Chip:RESC1608X55_NOMB,430R,75V,100mW,±1%,±100ppm/°C,Thick Film,Compliant,303-0603WAF4300T5E,Preferred,C23170,https://www.uni-royal.cn/en/images/userfile/file/1668661899c56505e6d9ab55c7.pdf
0402WGF4700TCE,Uniroyal Electronics Industry,470R 1% 0402 General Thick Film Resistor,Device:R,Chip:RESC1005X40_NOMB,470R,50V,62.5mW,±1%,±100ppm/°C,Thick Film,Compliant,303-0402WGF4700TCE,Basic,C25117,https://www.uni-royal.cn/en/images/userfile/file/1668661899c56505e6d9ab55c7.pdf
0603WAF4700T5E,Uniroyal Electronics Industry,470R 1% 0603 General Thick Film Resistor,Device:R,Chip:RESC1608X55_NOMB,470R,75V,100mW,±1%,±100ppm/°C,Thick Film,Compliant,303-0603WAF4700T5E,Basic,C23179,https://www.uni-royal.cn/en/images/userfile/file/1668661899c56505e6d9ab55c7.pdf
0805W8F4700T5E,Uniroyal Electronics Industry,470R 1% 0805 General Thick Film Resistor,Device:R,Chip:RESC2012X65_NOMB,470R,150V,125mW,±1%,±100ppm/°C,Thick Film,Compliant,303-0805W8F4700T5E,Basic,C17710,https://www.uni-royal.cn/en/images/userfile/file/1668661899c56505e6d9ab55c7.pdf
0603WAF5100T5E,Uniroyal Electronics Industry,510R 1% 0603 General Thick Film Resistor,Device:R,Chip:RESC1608X55_NOMB,510R,75V,100mW,±1%,±100ppm/°C,Thick Film,Compliant,303-0603WAF5100T5E,Basic,C23193,https://www.uni-royal.cn/en/images/userfile/file/1668661899c56505e6d9ab55c7.pdf
0805W8F5100T5E,Uniroyal Electronics Industry,510R 1% 0805 General Thick Film Resistor,Device:R,Chip:RESC2012X65_NOMB,510R,150V,125mW,±1%,±100ppm/°C,Thick Film,Compliant,303-0805W8F5100T5E,Basic,C17734,https://www.uni-royal.cn/en/images/userfile/file/1668661899c56505e6d9ab55c7.pdf
0603WAF5600T5E,Uniroyal Electronics Industry,560R 1% 0603 General Thick Film Resistor,Device:R,Chip:RESC1608X55_NOMB,560R,75V,100mW,±1%,±100ppm/°C,Thick Film,Compliant,303-0603WAF5600T5E,Basic,C23204,https://www.uni-royal.cn/en/images/userfile/file/1668661899c56505e6d9ab55c7.pdf
0603WAF6200T5E,Uniroyal Electronics Industry,620R 1% 0603 General Thick Film Resistor,Device:R,Chip:RESC1608X55_NOMB,620R,75V,100mW,±1%,±100ppm/°C,Thick Film,Compliant,303-0603WAF6200T5E,Preferred,C23220,https://www.uni-royal.cn/en/images/userfile/file/1668661899c56505e6d9ab55c7.pdf
0603WAF6800T5E,Uniroyal Electronics Industry,680R 1% 0603 General Thick Film Resistor,Device:R,Chip:RESC1608X55_NOMB,680R,75V,100mW,±1%,±100ppm/°C,Thick Film,Compliant,303-0603WAF6800T5E,Basic,C23228,https://www.uni-royal.cn/en/images/userfile/file/1668661899c56505e6d9ab55c7.pdf
0805W8F6800T5E,Uniroyal Electronics Industry,680R 1% 0805 General Thick Film Resistor,Device:R,Chip:RESC2012X65_NOMB,680R,150V,125mW,±1%,±100ppm/°C,Thick Film,Compliant,303-0805W8F6800T5E,Basic,C17798,https://www.uni-royal.cn/en/images/userfile/file/1668661899c56505e6d9ab55c7.pdf
0603WAF7500T5E,Uniroyal Electronics Industry,750R 1% 0603 General Thick Film Resistor,Device:R,Chip:RESC1608X55_NOMB,750R,75V,100mW,±1%,±100ppm/°C,Thick Film,Compliant,303-0603WAF7500T5E,Preferred,C23241,https://www.uni-royal.cn/en/images/userfile/file/1668661899c56505e6d9ab55c7.pdf
0805W8F7500T5E,Uniroyal Electronics Industry,750R 1% 0805 General Thick Film Resistor,Device:R,Chip:RESC2012X65_NOMB,750R,150V,125mW,±1%,±100ppm/°C,Thick Film,Compliant,303-0805W8F7500T5E,Preferred,C17818,https://www.uni-royal.cn/en/images/userfile/file/1668661899c56505e6d9ab55c7.pdf
1206W4F7500T5E,Uniroyal Electronics Industry,750R 1% 1206 General Thick Film Resistor,Device:R,Chip:RESC3216X65_NOMB,750R,200V,250mW,±1%,±100ppm/°C,Thick Film,Compliant,303-1206W4F7500T5E,Preferred,C17985,https://www.uni-royal.cn/en/images/userfile/file/1668661899c56505e6d9ab55c7.pdf
0603WAF8200T5E,Uniroyal Electronics Industry,820R 1% 0603 General Thick Film Resistor,Device:R,Chip:RESC1608X55_NOMB,820R,75V,100mW,±1%,±100ppm/°C,Thick Film,Compliant,303-0603WAF8200T5E,Basic,C23253,https://www.uni-royal.cn/en/images/userfile/file/1668661899c56505e6d9ab55c7.pdf
0805W8F8200T5E,Uniroyal Electronics Industry,820R 1% 0805 General Thick Film Resistor,Device:R,Chip:RESC2012X65_NOMB,820R,150V,125mW,±1%,±100ppm/°C,Thick Film,Compliant,303-0805W8F8200T5E,Preferred,C17837,https://www.uni-royal.cn/en/images/userfile/file/1668661899c56505e6d9ab55c7.pdf
0402WGF1001TCE,Uniroyal Electronics Industry,1k 1% 0402 General Thick Film Resistor,Device:R,Chip:RESC1005X40_NOMB,1k,50V,62.5mW,±1%,±100ppm/°C,Thick Film,Compliant,303-0402WGF1001TCE,Basic,C11702,https://www.uni-royal.cn/en/images/userfile/file/1668661899c56505e6d9ab55c7.pdf
0603WAF1001T5E,Uniroyal Electronics Industry,1k 1% 0603 General Thick Film Resistor,Device:R,Chip:RESC1608X55_NOMB,1k,75V,100mW,±1%,±100ppm/°C,Thick Film,Compliant,303-0603WAF1001T5E,Basic,C21190,https://www.uni-royal.cn/en/images/userfile/file/1668661899c56505e6d9ab55c7.pdf
0805W8F1001T5E,Uniroyal Electronics Industry,1k 1% 0805 General Thick Film Resistor,Device:R,Chip:RESC2012X65_NOMB,1k,150V,125mW,±1%,±100ppm/°C,Thick Film,Compliant,303-0805W8F1001T5E,Basic,C17513,https://www.uni-royal.cn/en/images/userfile/file/1668661899c56505e6d9ab55c7.pdf
1206W4F1001T5E,Uniroyal Electronics Industry,1k 1% 1206 General Thick Film Resistor,Device:R,Chip:RESC3216X65_NOMB,1k,200V,250mW,±1%,±100ppm/°C,Thick Film,Compliant,303-1206W4F1001T5E,Basic,C4410,https://www.uni-royal.cn/en/images/userfile/file/1668661899c56505e6d9ab55c7.pdf
0603WAF1101T5E,Uniroyal Electronics Industry,1.1k 1% 0603 General Thick Film Resistor,Device:R,Chip:RESC1608X55_NOMB,1.1k,75V,100mW,±1%,±100ppm/°C,Thick Film,Compliant,303-0603WAF1101T5E,Preferred,C22764,https://www.uni-royal.cn/en/images/userfile/file/1668661899c56505e6d9ab55c7.pdf
0603WAF1201T5E,Uniroyal Electronics Industry,1.2k 1% 0603 General Thick Film Resistor,Device:R,Chip:RESC1608X55_NOMB,1.2k,75V,100mW,±1%,±100ppm/°C,Thick Film,Compliant,303-0603WAF1201T5E,Basic,C22765,https://www.uni-royal.cn/en/images/userfile/file/1668661899c56505e6d9ab55c7.pdf
0805W8F1201T5E,Uniroyal Electronics Industry,1.2k 1% 0805 General Thick Film Resistor,Device:R,Chip:RESC2012X65_NOMB,1.2k,150V,125mW,±1%,±100ppm/°C,Thick Film,Compliant,303-0805W8F1201T5E,Basic,C17379,https://www.uni-royal.cn/en/images/userfile/file/1668661899c56505e6d9ab55c7.pdf
0603WAF1501T5E,Uniroyal Electronics Industry,1.5k 1% 0603 General Thick Film Resistor,Device:R,Chip:RESC1608X55_NOMB,1.5k,75V,100mW,±1%,±100ppm/°C,Thick Film,Compliant,303-0603WAF1501T5E,Basic,C22843,https://www.uni-royal.cn/en/images/userfile/file/1668661899c56505e6d9ab55c7.pdf
0805W8F1501T5E,Uniroyal Electronics Industry,1.5k 1% 0805 General Thick Film Resistor,Device:R,Chip:RESC2012X65_NOMB,1.5k,150V,125mW,±1%,±100ppm/°C,Thick Film,Compliant,303-0805W8F1501T5E,Basic,C4310,https://www.uni-royal.cn/en/images/userfile/file/1668661899c56505e6d9ab55c7.pdf
0805W8F1801T5E,Uniroyal Electronics Industry,1.8k 1% 0805 General Thick Film Resistor,Device:R,Chip:RESC2012X65_NOMB,1.8k,150V,125mW,±1%,±100ppm/°C,Thick Film,Compliant,303-0805W8F1801T5E,Preferred,C17398,https://www.uni-royal.cn/en/images/userfile/file/1668661899c56505e6d9ab55c7.pdf
0603WAF1801T5E,Uniroyal Electronics Industry,1.8k 1% 0603 General Thick Film Resistor,Device:R,Chip:RESC1608X55_NOMB,1.8k,75V,100mW,±1%,±100ppm/°C,Thick Film,Compliant,303-0603WAF1801T5E,Basic,C4177,https://www.uni-royal.cn/en/images/userfile/file/1668661899c56505e6d9ab55c7.pdf
0402WGF2001TCE,Uniroyal Electronics Industry,2k 1% 0402 General Thick Film Resistor,Device:R,Chip:RESC1005X40_NOMB,2k,50V,62.5mW,±1%,±100ppm/°C,Thick Film,Compliant,303-0402WGF2001TCE,Basic,C4109,https://www.uni-royal.cn/en/images/userfile/file/1668661899c56505e6d9ab55c7.pdf
0603WAF2001T5E,Uniroyal Electronics Industry,2k 1% 0603 General Thick Film Resistor,Device:R,Chip:RESC1608X55_NOMB,2k,75V,100mW,±1%,±100ppm/°C,Thick Film,Compliant,303-0603WAF2001T5E,Basic,C22975,https://www.uni-royal.cn/en/images/userfile/file/1668661899c56505e6d9ab55c7.pdf
0805W8F2001T5E,Uniroyal Electronics Industry,2k 1% 0805 General Thick Film Resistor,Device:R,Chip:RESC2012X65_NOMB,2k,150V,125mW,±1%,±100ppm/°C,Thick Film,Compliant,303-0805W8F2001T5E,Basic,C17604,https://www.uni-royal.cn/en/images/userfile/file/1668661899c56505e6d9ab55c7.pdf
1206W4F2001T5E,Uniroyal Electronics Industry,2k 1% 1206 General Thick Film Resistor,Device:R,Chip:RESC3216X65_NOMB,2k,200V,250mW,±1%,±100ppm/°C,Thick Film,Compliant,303-1206W4F2001T5E,Basic,C17944,https://www.uni-royal.cn/en/images/userfile/file/1668661899c56505e6d9ab55c7.pdf
0603WAF2201T5E,Uniroyal Electronics Industry,2.2k 1% 0603 General Thick Film Resistor,Device:R,Chip:RESC1608X55_NOMB,2.2k,75V,100mW,±1%,±100ppm/°C,Thick Film,Compliant,303-0603WAF2201T5E,Basic,C4190,https://www.uni-royal.cn/en/images/userfile/file/1668661899c56505e6d9ab55c7.pdf
0805W8F2201T5E,Uniroyal Electronics Industry,2.2k 1% 0805 General Thick Film Resistor,Device:R,Chip:RESC2012X65_NOMB,2.2k,150V,125mW,±1%,±100ppm/°C,Thick Film,Compliant,303-0805W8F2201T5E,Basic,C17520,https://www.uni-royal.cn/en/images/userfile/file/1668661899c56505e6d9ab55c7.pdf
0603WAF2401T5E,Uniroyal Electronics Industry,2.4k 1% 0603 General Thick Film Resistor,Device:R,Chip:RESC1608X55_NOMB,2.4k,75V,100mW,±1%,±100ppm/°C,Thick Film,Compliant,303-0603WAF2401T5E,Basic,C22940,https://www.uni-royal.cn/en/images/userfile/file/1668661899c56505e6d9ab55c7.pdf
0805W8F2401T5E,Uniroyal Electronics Industry,2.4k 1% 0805 General Thick Film Resistor,Device:R,Chip:RESC2012X65_NOMB,2.4k,150V,125mW,±1%,±100ppm/°C,Thick Film,Compliant,303-0805W8F2401T5E,Basic,C17526,https://www.uni-royal.cn/en/images/userfile/file/1668661899c56505e6d9ab55c7.pdf
0603WAF2701T5E,Uniroyal Electronics Industry,2.7k 1% 0603 General Thick Film Resistor,Device:R,Chip:RESC1608X55_NOMB,2.7k,75V,100mW,±1%,±100ppm/°C,Thick Film,Compliant,303-0603WAF2701T5E,Basic,C13167,https://www.uni-royal.cn/en/images/userfile/file/1668661899c56505e6d9ab55c7.pdf
0805W8F2701T5E,Uniroyal Electronics Industry,2.7k 1% 0805 General Thick Film Resistor,Device:R,Chip:RESC2012X65_NOMB,2.7k,150V,125mW,±1%,±100ppm/°C,Thick Film,Compliant,303-0805W8F2701T5E,Basic,C17530,https://www.uni-royal.cn/en/images/userfile/file/1668661899c56505e6d9ab55c7.pdf
0603WAF3001T5E,Uniroyal Electronics Industry,3k 1% 0603 General Thick Film Resistor,Device:R,Chip:RESC1608X55_NOMB,3k,75V,100mW,±1%,±100ppm/°C,Thick Film,Compliant,303-0603WAF3001T5E,Basic,C4211,https://www.uni-royal.cn/en/images/userfile/file/1668661899c56505e6d9ab55c7.pdf
0805W8F3001T5E,Uniroyal Electronics Industry,3k 1% 0805 General Thick Film Resistor,Device:R,Chip:RESC2012X65_NOMB,3k,150V,125mW,±1%,±100ppm/°C,Thick Film,Compliant,303-0805W8F3001T5E,Basic,C17661,https://www.uni-royal.cn/en/images/userfile/file/1668661899c56505e6d9ab55c7.pdf
0603WAF3301T5E,Uniroyal Electronics Industry,3.3k 1% 0603 General Thick Film Resistor,Device:R,Chip:RESC1608X55_NOMB,3.3k,75V,100mW,±1%,±100ppm/°C,Thick Film,Compliant,303-0603WAF3301T5E,Basic,C22978,https://www.uni-royal.cn/en/images/userfile/file/1668661899c56505e6d9ab55c7.pdf
0603WAF3601T5E,Uniroyal Electronics Industry,3.6k 1% 0603 General Thick Film Resistor,Device:R,Chip:RESC1608X55_NOMB,3.6k,75V,100mW,±1%,±100ppm/°C,Thick Film,Compliant,303-0603WAF3601T5E,Basic,C22980,https://www.uni-royal.cn/en/images/userfile/file/1668661899c56505e6d9ab55c7.pdf
0805W8F3601T5E,Uniroyal Electronics Industry,3.6k 1% 0805 General Thick Film Resistor,Device:R,Chip:RESC2012X65_NOMB,3.6k,150V,125mW,±1%,±100ppm/°C,Thick Film,Compliant,303-0805W8F3601T5E,Preferred,C18359,https://www.uni-royal.cn/en/images/userfile/file/1668661899c56505e6d9ab55c7.pdf
0603WAF3901T5E,Uniroyal Electronics Industry,3.9k 1% 0603 General Thick Film Resistor,Device:R,Chip:RESC1608X55_NOMB,3.9k,75V,100mW,±1%,±100ppm/°C,Thick Film,Compliant,303-0603WAF3901T5E,Basic,C23018,https://www.uni-royal.cn/en/images/userfile/file/1668661899c56505e6d9ab55c7.pdf
0805W8F3901T5E,Uniroyal Electronics Industry,3.9k 1% 0805 General Thick Film Resistor,Device:R,Chip:RESC2012X65_NOMB,3.9k,150V,125mW,±1%,±100ppm/°C,Thick Film,Compliant,303-0805W8F3901T5E,Basic,C17614,https://www.uni-royal.cn/en/images/userfile/file/1668661899c56505e6d9ab55c7.pdf
0603WAF4301T5E,Uniroyal Electronics Industry,4.3k 1% 0603 General Thick Film Resistor,Device:R,Chip:RESC1608X55_NOMB,4.3k,75V,100mW,±1%,±100ppm/°C,Thick Film,Compliant,303-0603WAF4301T5E,Preferred,C23159,https://www.uni-royal.cn/en/images/userfile/file/1668661899c56505e6d9ab55c7.pdf
0805W8F4301T5E,Uniroyal Electronics Industry,4.3k 1% 0805 General Thick Film Resistor,Device:R,Chip:RESC2012X65_NOMB,4.3k,150V,125mW,±1%,±100ppm/°C,Thick Film,Compliant,303-0805W8F4301T5E,Preferred,C17667,https://www.uni-royal.cn/en/images/userfile/file/1668661899c56505e6d9ab55c7.pdf
0603WAF4701T5E,Uniroyal Electronics Industry,4.7k 1% 0603 General Thick Film Resistor,Device:R,Chip:RESC1608X55_NOMB,4.7k,75V,100mW,±1%,±100ppm/°C,Thick Film,Compliant,303-0603WAF4701T5E,Basic,C23162,https://www.uni-royal.cn/en/images/userfile/file/1668661899c56505e6d9ab55c7.pdf
0805W8F4701T5E,Uniroyal Electronics Industry,4.7k 1% 0805 General Thick Film Resistor,Device:R,Chip:RESC2012X65_NOMB,4.7k,150V,125mW,±1%,±100ppm/°C,Thick Film,Compliant,303-0805W8F4701T5E,Basic,C17673,https://www.uni-royal.cn/en/images/userfile/file/1668661899c56505e6d9ab55c7.pdf
1206W4F4701T5E,Uniroyal Electronics Industry,4.7k 1% 1206 General Thick Film Resistor,Device:R,Chip:RESC3216X65_NOMB,4.7k,200V,250mW,±1%,±100ppm/°C,Thick Film,Compliant,303-1206W4F4701T5E,Basic,C17936,https://www.uni-royal.cn/en/images/userfile/file/1668661899c56505e6d9ab55c7.pdf
0603WAF4991T5E,Uniroyal Electronics Industry,4.99k 1% 0603 General Thick Film Resistor,Device:R,Chip:RESC1608X55_NOMB,4.99k,75V,100mW,±1%,±100ppm/°C,Thick Film,Compliant,303-0603WAF4991T5E,Basic,C23046,https://www.uni-royal.cn/en/images/userfile/file/1668661899c56505e6d9ab55c7.pdf
0805W8F4991T5E,Uniroyal Electronics Industry,4.99k 1% 0805 General Thick Film Resistor,Device:R,Chip:RESC2012X65_NOMB,4.99k,150V,125mW,±1%,±100ppm/°C,Thick Film,Compliant,303-0805W8F4991T5E,Preferred,C17677,https://www.uni-royal.cn/en/images/userfile/file/1668661899c56505e6d9ab55c7.pdf
0603WAF5101T5E,Uniroyal Electronics Industry,5.1k 1% 0603 General Thick Film Resistor,Device:R,Chip:RESC1608X55_NOMB,5.1k,75V,100mW,±1%,±100ppm/°C,Thick Film,Compliant,303-0603WAF5101T5E,Basic,C23186,https://www.uni-royal.cn/en/images/userfile/file/1668661899c56505e6d9ab55c7.pdf
0603WAF5601T5E,Uniroyal Electronics Industry,5.6k 1% 0603 General Thick Film Resistor,Device:R,Chip:RESC1608X55_NOMB,5.6k,75V,100mW,±1%,±100ppm/°C,Thick Film,Compliant,303-0603WAF5601T5E,Basic,C23189,https://www.uni-royal.cn/en/images/userfile/file/1668661899c56505e6d9ab55c7.pdf
0805W8F5601T5E,Uniroyal Electronics Industry,5.6k 1% 0805 General Thick Film Resistor,Device:R,Chip:RESC2012X65_NOMB,5.6k,150V,125mW,±1%,±100ppm/°C,Thick Film,Compliant,303-0805W8F5601T5E,Basic,C4382,https://www.uni-royal.cn/en/images/userfile/file/1668661899c56505e6d9ab55c7.pdf
0603WAF6201T5E,Uniroyal Electronics Industry,6.2k 1% 0603 General Thick Film Resistor,Device:R,Chip:RESC1608X55_NOMB,6.2k,75V,100mW,±1%,±100ppm/°C,Thick Film,Compliant,303-0603WAF6201T5E,Basic,C4260,https://www.uni-royal.cn/en/images/userfile/file/1668661899c56505e6d9ab55c7.pdf
0805W8F6201T5E,Uniroyal Electronics Industry,6.2k 1% 0805 General Thick Film Resistor,Device:R,Chip:RESC2012X65_NOMB,6.2k,150V,125mW,±1%,±100ppm/°C,Thick Film,Compliant,303-0805W8F6201T5E,Preferred,C17767,https://www.uni-royal.cn/en/images/userfile/file/1668661899c56505e6d9ab55c7.pdf
0603WAF6801T5E,Uniroyal Electronics Industry,6.8k 1% 0603 General Thick Film Resistor,Device:R,Chip:RESC1608X55_NOMB,6.8k,75V,100mW,±1%,±100ppm/°C,Thick Film,Compliant,303-0603WAF6801T5E,Basic,C23212,https://www.uni-royal.cn/en/images/userfile/file/1668661899c56505e6d9ab55c7.pdf
0805W8F6801T5E,Uniroyal Electronics Industry,6.8k 1% 0805 General Thick Film Resistor,Device:R,Chip:RESC2012X65_NOMB,6.8k,150V,125mW,±1%,±100ppm/°C,Thick Film,Compliant,303-0805W8F6801T5E,Basic,C17772,https://www.uni-royal.cn/en/images/userfile/file/1668661899c56505e6d9ab55c7.pdf
0603WAF7501T5E,Uniroyal Electronics Industry,7.5k 1% 0603 General Thick Film Resistor,Device:R,Chip:RESC1608X55_NOMB,7.5k,75V,100mW,±1%,±100ppm/°C,Thick Film,Compliant,303-0603WAF7501T5E,Basic,C23234,https://www.uni-royal.cn/en/images/userfile/file/1668661899c56505e6d9ab55c7.pdf
0805W8F7501T5E,Uniroyal Electronics Industry,7.5k 1% 0805 General Thick Film Resistor,Device:R,Chip:RESC2012X65_NOMB,7.5k,150V,125mW,±1%,±100ppm/°C,Thick Film,Compliant,303-0805W8F7501T5E,Preferred,C17807,https://www.uni-royal.cn/en/images/userfile/file/1668661899c56505e6d9ab55c7.pdf
0805W8F8201T5E,Uniroyal Electronics Industry,8.2k 1% 0805 General Thick Film Resistor,Device:R,Chip:RESC2012X65_NOMB,8.2k,150V,125mW,±1%,±100ppm/°C,Thick Film,Compliant,303-0805W8F8201T5E,Basic,C17828,https://www.uni-royal.cn/en/images/userfile/file/1668661899c56505e6d9ab55c7.pdf
0603WAF9101T5E,Uniroyal Electronics Industry,9.1k 1% 0603 General Thick Film Resistor,Device:R,Chip:RESC1608X55_NOMB,9.1k,75V,100mW,±1%,±100ppm/°C,Thick Film,Compliant,303-0603WAF9101T5E,Basic,C23260,https://www.uni-royal.cn/en/images/userfile/file/1668661899c56505e6d9ab55c7.pdf
0805W8F9101T5E,Uniroyal Electronics Industry,9.1k 1% 0805 General Thick Film Resistor,Device:R,Chip:RESC2012X65_NOMB,9.1k,150V,125mW,±1%,±100ppm/°C,Thick Film,Compliant,303-0805W8F9101T5E,Preferred,C17855,https://www.uni-royal.cn/en/images/userfile/file/1668661899c56505e6d9ab55c7.pdf
0805W8F1002T5E,Uniroyal Electronics Industry,10k 1% 0805 General Thick Film Resistor,Device:R,Chip:RESC2012X65_NOMB,10k,150V,125mW,±1%,±100ppm/°C,Thick Film,Compliant,303-0805W8F1002T5E,Basic,C17414,https://www.uni-royal.cn/en/images/userfile/file/1668661899c56505e6d9ab55c7.pdf
1206W4F1002T5E,Uniroyal Electronics Industry,10k 1% 1206 General Thick Film Resistor,Device:R,Chip:RESC3216X65_NOMB,10k,200V,250mW,±1%,±100ppm/°C,Thick Film,Compliant,303-1206W4F1002T5E,Basic,C17902,https://www.uni-royal.cn/en/images/userfile/file/1668661899c56505e6d9ab55c7.pdf
0805W8F1102T5E,Uniroyal Electronics Industry,11k 1% 0805 General Thick Film Resistor,Device:R,Chip:RESC2012X65_NOMB,11k,150V,125mW,±1%,±100ppm/°C,Thick Film,Compliant,303-0805W8F1102T5E,Preferred,C17429,https://www.uni-royal.cn/en/images/userfile/file/1668661899c56505e6d9ab55c7.pdf
0603WAF1202T5E,Uniroyal Electronics Industry,12k 1% 0603 General Thick Film Resistor,Device:R,Chip:RESC1608X55_NOMB,12k,75V,100mW,±1%,±100ppm/°C,Thick Film,Compliant,303-0603WAF1202T5E,Basic,C22790,https://www.uni-royal.cn/en/images/userfile/file/1668661899c56505e6d9ab55c7.pdf
0805W8F1202T5E,Uniroyal Electronics Industry,12k 1% 0805 General Thick Film Resistor,Device:R,Chip:RESC2012X65_NOMB,12k,150V,125mW,±1%,±100ppm/°C,Thick Film,Compliant,303-0805W8F1202T5E,Basic,C17444,https://www.uni-royal.cn/en/images/userfile/file/1668661899c56505e6d9ab55c7.pdf
0603WAF1302T5E,Uniroyal Electronics Industry,13k 1% 0603 General Thick Film Resistor,Device:R,Chip:RESC1608X55_NOMB,13k,75V,100mW,±1%,±100ppm/°C,Thick Film,Compliant,303-0603WAF1302T5E,Basic,C22797,https://www.uni-royal.cn/en/images/userfile/file/1668661899c56505e6d9ab55c7.pdf
0805W8F1302T5E,Uniroyal Electronics Industry,13k 1% 0805 General Thick Film Resistor,Device:R,Chip:RESC2012X65_NOMB,13k,150V,125mW,±1%,±100ppm/°C,Thick Film,Compliant,303-0805W8F1302T5E,Preferred,C17455,https://www.uni-royal.cn/en/images/userfile/file/1668661899c56505e6d9ab55c7.pdf
0603WAF1502T5E,Uniroyal Electronics Industry,15k 1% 0603 General Thick Film Resistor,Device:R,Chip:RESC1608X55_NOMB,15k,75V,100mW,±1%,±100ppm/°C,Thick Film,Compliant,303-0603WAF1502T5E,Basic,C22809,https://www.uni-royal.cn/en/images/userfile/file/1668661899c56505e6d9ab55c7.pdf
0805W8F1502T5E,Uniroyal Electronics Industry,15k 1% 0805 General Thick Film Resistor,Device:R,Chip:RESC2012X65_NOMB,15k,150V,125mW,±1%,±100ppm/°C,Thick Film,Compliant,303-0805W8F1502T5E,Basic,C17475,https://www.uni-royal.cn/en/images/userfile/file/1668661899c56505e6d9ab55c7.pdf
0603WAF1602T5E,Uniroyal Electronics Industry,16k 1% 0603 General Thick Film Resistor,Device:R,Chip:RESC1608X55_NOMB,16k,75V,100mW,±1%,±100ppm/°C,Thick Film,Compliant,303-0603WAF1602T5E,Preferred,C22818,https://www.uni-royal.cn/en/images/userfile/file/1668661899c56505e6d9ab55c7.pdf
0805W8F1602T5E,Uniroyal Electronics Industry,16k 1% 0805 General Thick Film Resistor,Device:R,Chip:RESC2012X65_NOMB,16k,150V,125mW,±1%,±100ppm/°C,Thick Film,Compliant,303-0805W8F1602T5E,Preferred,C17490,https://www.uni-royal.cn/en/images/userfile/file/1668661899c56505e6d9ab55c7.pdf
0805W8F1802T5E,Uniroyal Electronics Industry,18k 1% 0805 General Thick Film Resistor,Device:R,Chip:RESC2012X65_NOMB,18k,150V,125mW,±1%,±100ppm/°C,Thick Film,Compliant,303-0805W8F1802T5E,Preferred,C17506,https://www.uni-royal.cn/en/images/userfile/file/1668661899c56505e6d9ab55c7.pdf
0603WAF2002T5E,Uniroyal Electronics Industry,20k 1% 0603 General Thick Film Resistor,Device:R,Chip:RESC1608X55_NOMB,20k,75V,100mW,±1%,±100ppm/°C,Thick Film,Compliant,303-0603WAF2002T5E,Basic,C4184,https://www.uni-royal.cn/en/images/userfile/file/1668661899c56505e6d9ab55c7.pdf
0805W8F2002T5E,Uniroyal Electronics Industry,20k 1% 0805 General Thick Film Resistor,Device:R,Chip:RESC2012X65_NOMB,20k,150V,125mW,±1%,±100ppm/°C,Thick Film,Compliant,303-0805W8F2002T5E,Basic,C4328,https://www.uni-royal.cn/en/images/userfile/file/1668661899c56505e6d9ab55c7.pdf
0805W8F2202T5E,Uniroyal Electronics Industry,22k 1% 0805 General Thick Film Resistor,Device:R,Chip:RESC2012X65_NOMB,22k,150V,125mW,±1%,±100ppm/°C,Thick Film,Compliant,303-0805W8F2202T5E,Basic,C17560,https://www.uni-royal.cn/en/images/userfile/file/1668661899c56505e6d9ab55c7.pdf
0603WAF2402T5E,Uniroyal Electronics Industry,24k 1% 0603 General Thick Film Resistor,Device:R,Chip:RESC1608X55_NOMB,24k,75V,100mW,±1%,±100ppm/°C,Thick Film,Compliant,303-0603WAF2402T5E,Basic,C23352,https://www.uni-royal.cn/en/images/userfile/file/1668661899c56505e6d9ab55c7.pdf
0805W8F2402T5E,Uniroyal Electronics Industry,24k 1% 0805 General Thick Film Resistor,Device:R,Chip:RESC2012X65_NOMB,24k,150V,125mW,±1%,±100ppm/°C,Thick Film,Compliant,303-0805W8F2402T5E,Basic,C17575,https://www.uni-royal.cn/en/images/userfile/file/1668661899c56505e6d9ab55c7.pdf
0603WAF2702T5E,Uniroyal Electronics Industry,27k 1% 0603 General Thick Film Resistor,Device:R,Chip:RESC1608X55_NOMB,27k,75V,100mW,±1%,±100ppm/°C,Thick Film,Compliant,303-0603WAF2702T5E,Basic,C22967,https://www.uni-royal.cn/en/images/userfile/file/1668661899c56505e6d9ab55c7.pdf
0805W8F2702T5E,Uniroyal Electronics Industry,27k 1% 0805 General Thick Film Resistor,Device:R,Chip:RESC2012X65_NOMB,27k,150V,125mW,±1%,±100ppm/°C,Thick Film,Compliant,303-0805W8F2702T5E,Basic,C17593,https://www.uni-royal.cn/en/images/userfile/file/1668661899c56505e6d9ab55c7.pdf
0603WAF3002T5E,Uniroyal Electronics Industry,30k 1% 0603 General Thick Film Resistor,Device:R,Chip:RESC1608X55_NOMB,30k,75V,100mW,±1%,±100ppm/°C,Thick Film,Compliant,303-0603WAF3002T5E,Basic,C22984,https://www.uni-royal.cn/en/images/userfile/file/1668661899c56505e6d9ab55c7.pdf
0805W8F3002T5E,Uniroyal Electronics Industry,30k 1% 0805 General Thick Film Resistor,Device:R,Chip:RESC2012X65_NOMB,30k,150V,125mW,±1%,±100ppm/°C,Thick Film,Compliant,303-0805W8F3002T5E,Basic,C17621,https://www.uni-royal.cn/en/images/userfile/file/1668661899c56505e6d9ab55c7.pdf
0603WAF3302T5E,Uniroyal Electronics Industry,33k 1% 0603 General Thick Film Resistor,Device:R,Chip:RESC1608X55_NOMB,33k,75V,100mW,±1%,±100ppm/°C,Thick Film,Compliant,303-0603WAF3302T5E,Basic,C4216,https://www.uni-royal.cn/en/images/userfile/file/1668661899c56505e6d9ab55c7.pdf
0805W8F3302T5E,Uniroyal Electronics Industry,33k 1% 0805 General Thick Film Resistor,Device:R,Chip:RESC2012X65_NOMB,33k,150V,125mW,±1%,±100ppm/°C,Thick Film,Compliant,303-0805W8F3302T5E,Basic,C17633,https://www.uni-royal.cn/en/images/userfile/file/1668661899c56505e6d9ab55c7.pdf
0603WAF3602T5E,Uniroyal Electronics Industry,36k 1% 0603 General Thick Film Resistor,Device:R,Chip:RESC1608X55_NOMB,36k,75V,100mW,±1%,±100ppm/°C,Thick Film,Compliant,303-0603WAF3602T5E,Preferred,C23147,https://www.uni-royal.cn/en/images/userfile/file/1668661899c56505e6d9ab55c7.pdf
0805W8F3602T5E,Uniroyal Electronics Industry,36k 1% 0805 General Thick Film Resistor,Device:R,Chip:RESC2012X65_NOMB,36k,150V,125mW,±1%,±100ppm/°C,Thick Film,Compliant,303-0805W8F3602T5E,Preferred,C4360,https://www.uni-royal.cn/en/images/userfile/file/1668661899c56505e6d9ab55c7.pdf
0603WAF3902T5E,Uniroyal Electronics Industry,39k 1% 0603 General Thick Film Resistor,Device:R,Chip:RESC1608X55_NOMB,39k,75V,100mW,±1%,±100ppm/°C,Thick Film,Compliant,303-0603WAF3902T5E,Basic,C23153,https://www.uni-royal.cn/en/images/userfile/file/1668661899c56505e6d9ab55c7.pdf
0603WAF4022T5E,Uniroyal Electronics Industry,40.2k 1% 0603 General Thick Film Resistor,Device:R,Chip:RESC1608X55_NOMB,40.2k,75V,100mW,±1%,±100ppm/°C,Thick Film,Compliant,303-0603WAF4022T5E,Preferred,C12447,https://www.uni-royal.cn/en/images/userfile/file/1668661899c56505e6d9ab55c7.pdf
0603WAF4302T5E,Uniroyal Electronics Industry,43k 1% 0603 General Thick Film Resistor,Device:R,Chip:RESC1608X55_NOMB,43k,75V,100mW,±1%,±100ppm/°C,Thick Film,Compliant,303-0603WAF4302T5E,Preferred,C23172,https://www.uni-royal.cn/en/images/userfile/file/1668661899c56505e6d9ab55c7.pdf
0805W8F4302T5E,Uniroyal Electronics Industry,43k 1% 0805 General Thick Film Resistor,Device:R,Chip:RESC2012X65_NOMB,43k,150V,125mW,±1%,±100ppm/°C,Thick Film,Compliant,303-0805W8F4302T5E,Preferred,C17695,https://www.uni-royal.cn/en/images/userfile/file/1668661899c56505e6d9ab55c7.pdf
0805W8F4702T5E,Uniroyal Electronics Industry,47k 1% 0805 General Thick Film Resistor,Device:R,Chip:RESC2012X65_NOMB,47k,150V,125mW,±1%,±100ppm/°C,Thick Film,Compliant,303-0805W8F4702T5E,Basic,C17713,https://www.uni-royal.cn/en/images/userfile/file/1668661899c56505e6d9ab55c7.pdf
0603WAF4992T5E,Uniroyal Electronics Industry,49.9k 1% 0603 General Thick Film Resistor,Device:R,Chip:RESC1608X55_NOMB,49.9k,75V,100mW,±1%,±100ppm/°C,Thick Film,Compliant,303-0603WAF4992T5E,Basic,C23184,https://www.uni-royal.cn/en/images/userfile/file/1668661899c56505e6d9ab55c7.pdf
0805W8F4992T5E,Uniroyal Electronics Industry,49.9k 1% 0805 General Thick Film Resistor,Device:R,Chip:RESC2012X65_NOMB,49.9k,150V,125mW,±1%,±100ppm/°C,Thick Film,Compliant,303-0805W8F4992T5E,Preferred,C17719,https://www.uni-royal.cn/en/images/userfile/file/1668661899c56505e6d9ab55c7.pdf
0603WAF5102T5E,Uniroyal Electronics Industry,51k 1% 0603 General Thick Film Resistor,Device:R,Chip:RESC1608X55_NOMB,51k,75V,100mW,±1%,±100ppm/°C,Thick Film,Compliant,303-0603WAF5102T5E,Basic,C23196,https://www.uni-royal.cn/en/images/userfile/file/1668661899c56505e6d9ab55c7.pdf
0805W8F5102T5E,Uniroyal Electronics Industry,51k 1% 0805 General Thick Film Resistor,Device:R,Chip:RESC2012X65_NOMB,51k,150V,125mW,±1%,±100ppm/°C,Thick Film,Compliant,303-0805W8F5102T5E,Basic,C17737,https://www.uni-royal.cn/en/images/userfile/file/1668661899c56505e6d9ab55c7.pdf
0603WAF5602T5E,Uniroyal Electronics Industry,56k 1% 0603 General Thick Film Resistor,Device:R,Chip:RESC1608X55_NOMB,56k,75V,100mW,±1%,±100ppm/°C,Thick Film,Compliant,303-0603WAF5602T5E,Basic,C23206,https://www.uni-royal.cn/en/images/userfile/file/1668661899c56505e6d9ab55c7.pdf
0805W8F5602T5E,Uniroyal Electronics Industry,56k 1% 0805 General Thick Film Resistor,Device:R,Chip:RESC2012X65_NOMB,56k,150V,125mW,±1%,±100ppm/°C,Thick Film,Compliant,303-0805W8F5602T5E,Preferred,C17756,https://www.uni-royal.cn/en/images/userfile/file/1668661899c56505e6d9ab55c7.pdf
0603WAF6202T5E,Uniroyal Electronics Industry,62k 1% 0603 General Thick Film Resistor,Device:R,Chip:RESC1608X55_NOMB,62k,75V,100mW,±1%,±100ppm/°C,Thick Film,Compliant,303-0603WAF6202T5E,Preferred,C23221,https://www.uni-royal.cn/en/images/userfile/file/1668661899c56505e6d9ab55c7.pdf
0805W8F6202T5E,Uniroyal Electronics Industry,62k 1% 0805 General Thick Film Resistor,Device:R,Chip:RESC2012X65_NOMB,62k,150V,125mW,±1%,±100ppm/°C,Thick Film,Compliant,303-0805W8F6202T5E,Preferred,C17783,https://www.uni-royal.cn/en/images/userfile/file/1668661899c56505e6d9ab55c7.pdf
0603WAF6802T5E,Uniroyal Electronics Industry,68k 1% 0603 General Thick Film Resistor,Device:R,Chip:RESC1608X55_NOMB,68k,75V,100mW,±1%,±100ppm/°C,Thick Film,Compliant,303-0603WAF6802T5E,Basic,C23231,https://www.uni-royal.cn/en/images/userfile/file/1668661899c56505e6d9ab55c7.pdf
0805W8F6802T5E,Uniroyal Electronics Industry,68k 1% 0805 General Thick Film Resistor,Device:R,Chip:RESC2012X65_NOMB,68k,150V,125mW,±1%,±100ppm/°C,Thick Film,Compliant,303-0805W8F6802T5E,Basic,C17801,https://www.uni-royal.cn/en/images/userfile/file/1668661899c56505e6d9ab55c7.pdf
0603WAF7502T5E,Uniroyal Electronics Industry,75k 1% 0603 General Thick Film Resistor,Device:R,Chip:RESC1608X55_NOMB,75k,75V,100mW,±1%,±100ppm/°C,Thick Film,Compliant,303-0603WAF7502T5E,Basic,C23242,https://www.uni-royal.cn/en/images/userfile/file/1668661899c56505e6d9ab55c7.pdf
0805W8F7502T5E,Uniroyal Electronics Industry,75k 1% 0805 General Thick Film Resistor,Device:R,Chip:RESC2012X65_NOMB,75k,150V,125mW,±1%,±100ppm/°C,Thick Film,Compliant,303-0805W8F7502T5E,Preferred,C17819,https://www.uni-royal.cn/en/images/userfile/file/1668661899c56505e6d9ab55c7.pdf
0603WAF8202T5E,Uniroyal Electronics Industry,82k 1% 0603 General Thick Film Resistor,Device:R,Chip:RESC1608X55_NOMB,82k,75V,100mW,±1%,±100ppm/°C,Thick Film,Compliant,303-0603WAF8202T5E,Basic,C23254,https://www.uni-royal.cn/en/images/userfile/file/1668661899c56505e6d9ab55c7.pdf
0805W8F8202T5E,Uniroyal Electronics Industry,82k 1% 0805 General Thick Film Resistor,Device:R,Chip:RESC2012X65_NOMB,82k,150V,125mW,±1%,±100ppm/°C,Thick Film,Compliant,303-0805W8F8202T5E,Preferred,C17840,https://www.uni-royal.cn/en/images/userfile/file/1668661899c56505e6d9ab55c7.pdf
0603WAF9102T5E,Uniroyal Electronics Industry,91k 1% 0603 General Thick Film Resistor,Device:R,Chip:RESC1608X55_NOMB,91k,75V,100mW,±1%,±100ppm/°C,Thick Film,Compliant,303-0603WAF9102T5E,Preferred,C23265,https://www.uni-royal.cn/en/images/userfile/file/1668661899c56505e6d9ab55c7.pdf
1206W4F1003T5E,Uniroyal Electronics Industry,100k 1% 1206 General Thick Film Resistor,Device:R,Chip:RESC3216X65_NOMB,100k,200V,250mW,±1%,±100ppm/°C,Thick Film,Compliant,303-1206W4F1003T5E,Basic,C17900,https://www.uni-royal.cn/en/images/userfile/file/1668661899c56505e6d9ab55c7.pdf
0805W8F1203T5E,Uniroyal Electronics Industry,120k 1% 0805 General Thick Film Resistor,Device:R,Chip:RESC2012X65_NOMB,120k,150V,125mW,±1%,±100ppm/°C,Thick Film,Compliant,303-0805W8F1203T5E,Preferred,C17436,https://www.uni-royal.cn/en/images/userfile/file/1668661899c56505e6d9ab55c7.pdf
0603WAF1303T5E,Uniroyal Electronics Industry,130k 1% 0603 General Thick Film Resistor,Device:R,Chip:RESC1608X55_NOMB,130k,75V,100mW,±1%,±100ppm/°C,Thick Film,Compliant,303-0603WAF1303T5E,Preferred,C22795,https://www.uni-royal.cn/en/images/userfile/file/1668661899c56505e6d9ab55c7.pdf
0603WAF1503T5E,Uniroyal Electronics Industry,150k 1% 0603 General Thick Film Resistor,Device:R,Chip:RESC1608X55_NOMB,150k,75V,100mW,±1%,±100ppm/°C,Thick Film,Compliant,303-0603WAF1503T5E,Basic,C22807,https://www.uni-royal.cn/en/images/userfile/file/1668661899c56505e6d9ab55c7.pdf
0805W8F1503T5E,Uniroyal Electronics Industry,150k 1% 0805 General Thick Film Resistor,Device:R,Chip:RESC2012X65_NOMB,150k,150V,125mW,±1%,±100ppm/°C,Thick Film,Compliant,303-0805W8F1503T5E,Basic,C17470,https://www.uni-royal.cn/en/images/userfile/file/1668661899c56505e6d9ab55c7.pdf
0603WAF1603T5E,Uniroyal Electronics Industry,160k 1% 0603 General Thick Film Resistor,Device:R,Chip:RESC1608X55_NOMB,160k,75V,100mW,±1%,±100ppm/°C,Thick Film,Compliant,303-0603WAF1603T5E,Preferred,C22813,https://www.uni-royal.cn/en/images/userfile/file/1668661899c56505e6d9ab55c7.pdf
0603WAF1803T5E,Uniroyal Electronics Industry,180k 1% 0603 General Thick Film Resistor,Device:R,Chip:RESC1608X55_NOMB,180k,75V,100mW,±1%,±100ppm/°C,Thick Film,Compliant,303-0603WAF1803T5E,Preferred,C22827,https://www.uni-royal.cn/en/images/userfile/file/1668661899c56505e6d9ab55c7.pdf
0805W8F1803T5E,Uniroyal Electronics Industry,180k 1% 0805 General Thick Film Resistor,Device:R,Chip:RESC2012X65_NOMB,180k,150V,125mW,±1%,±100ppm/°C,Thick Film,Compliant,303-0805W8F1803T5E,Preferred,C17501,https://www.uni-royal.cn/en/images/userfile/file/1668661899c56505e6d9ab55c7.pdf
0805W8F2003T5E,Uniroyal Electronics Industry,200k 1% 0805 General Thick Film Resistor,Device:R,Chip:RESC2012X65_NOMB,200k,150V,125mW,±1%,±100ppm/°C,Thick Film,Compliant,303-0805W8F2003T5E,Basic,C17539,https://www.uni-royal.cn/en/images/userfile/file/1668661899c56505e6d9ab55c7.pdf
0603WAF2203T5E,Uniroyal Electronics Industry,220k 1% 0603 General Thick Film Resistor,Device:R,Chip:RESC1608X55_NOMB,220k,75V,100mW,±1%,±100ppm/°C,Thick Film,Compliant,303-0603WAF2203T5E,Basic,C22961,https://www.uni-royal.cn/en/images/userfile/file/1668661899c56505e6d9ab55c7.pdf
0805W8F2203T5E,Uniroyal Electronics Industry,220k 1% 0805 General Thick Film Resistor,Device:R,Chip:RESC2012X65_NOMB,220k,150V,125mW,±1%,±100ppm/°C,Thick Film,Compliant,303-0805W8F2203T5E,Basic,C17556,https://www.uni-royal.cn/en/images/userfile/file/1668661899c56505e6d9ab55c7.pdf
0603WAF2403T5E,Uniroyal Electronics Industry,240k 1% 0603 General Thick Film Resistor,Device:R,Chip:RESC1608X55_NOMB,240k,75V,100mW,±1%,±100ppm/°C,Thick Film,Compliant,303-0603WAF2403T5E,Preferred,C4197,https://www.uni-royal.cn/en/images/userfile/file/1668661899c56505e6d9ab55c7.pdf
0603WAF2703T5E,Uniroyal Electronics Industry,270k 1% 0603 General Thick Film Resistor,Device:R,Chip:RESC1608X55_NOMB,270k,75V,100mW,±1%,±100ppm/°C,Thick Film,Compliant,303-0603WAF2703T5E,Preferred,C22965,https://www.uni-royal.cn/en/images/userfile/file/1668661899c56505e6d9ab55c7.pdf
0805W8F2703T5E,Uniroyal Electronics Industry,270k 1% 0805 General Thick Film Resistor,Device:R,Chip:RESC2012X65_NOMB,270k,150V,125mW,±1%,±100ppm/°C,Thick Film,Compliant,303-0805W8F2703T5E,Preferred,C17589,https://www.uni-royal.cn/en/images/userfile/file/1668661899c56505e6d9ab55c7.pdf
0603WAF3003T5E,Uniroyal Electronics Industry,300k 1% 0603 General Thick Film Resistor,Device:R,Chip:RESC1608X55_NOMB,300k,75V,100mW,±1%,±100ppm/°C,Thick Film,Compliant,303-0603WAF3003T5E,Basic,C23024,https://www.uni-royal.cn/en/images/userfile/file/1668661899c56505e6d9ab55c7.pdf
0805W8F3003T5E,Uniroyal Electronics Industry,300k 1% 0805 General Thick Film Resistor,Device:R,Chip:RESC2012X65_NOMB,300k,150V,125mW,±1%,±100ppm/°C,Thick Film,Compliant,303-0805W8F3003T5E,Preferred,C17616,https://www.uni-royal.cn/en/images/userfile/file/1668661899c56505e6d9ab55c7.pdf
0603WAF3303T5E,Uniroyal Electronics Industry,330k 1% 0603 General Thick Film Resistor,Device:R,Chip:RESC1608X55_NOMB,330k,75V,100mW,±1%,±100ppm/°C,Thick Film,Compliant,303-0603WAF3303T5E,Basic,C23137,https://www.uni-royal.cn/en/images/userfile/file/1668661899c56505e6d9ab55c7.pdf
0805W8F3303T5E,Uniroyal Electronics Industry,330k 1% 0805 General Thick Film Resistor,Device:R,Chip:RESC2012X65_NOMB,330k,150V,125mW,±1%,±100ppm/°C,Thick Film,Compliant,303-0805W8F3303T5E,Preferred,C17629,https://www.uni-royal.cn/en/images/userfile/file/1668661899c56505e6d9ab55c7.pdf
0603WAF3603T5E,Uniroyal Electronics Industry,360k 1% 0603 General Thick Film Resistor,Device:R,Chip:RESC1608X55_NOMB,360k,75V,100mW,±1%,±100ppm/°C,Thick Film,Compliant,303-0603WAF3603T5E,Preferred,C23146,https://www.uni-royal.cn/en/images/userfile/file/1668661899c56505e6d9ab55c7.pdf
0603WAF3903T5E,Uniroyal Electronics Industry,390k 1% 0603 General Thick Film Resistor,Device:R,Chip:RESC1608X55_NOMB,390k,75V,100mW,±1%,±100ppm/°C,Thick Film,Compliant,303-0603WAF3903T5E,Preferred,C23150,https://www.uni-royal.cn/en/images/userfile/file/1668661899c56505e6d9ab55c7.pdf
0805W8F3903T5E,Uniroyal Electronics Industry,390k 1% 0805 General Thick Film Resistor,Device:R,Chip:RESC2012X65_NOMB,390k,150V,125mW,±1%,±100ppm/°C,Thick Film,Compliant,303-0805W8F3903T5E,Preferred,C17656,https://www.uni-royal.cn/en/images/userfile/file/1668661899c56505e6d9ab55c7.pdf
0603WAF4703T5E,Uniroyal Electronics Industry,470k 1% 0603 General Thick Film Resistor,Device:R,Chip:RESC1608X55_NOMB,470k,75V,100mW,±1%,±100ppm/°C,Thick Film,Compliant,303-0603WAF4703T5E,Basic,C23178,https://www.uni-royal.cn/en/images/userfile/file/1668661899c56505e6d9ab55c7.pdf
0805W8F4703T5E,Uniroyal Electronics Industry,470k 1% 0805 General Thick Film Resistor,Device:R,Chip:RESC2012X65_NOMB,470k,150V,125mW,±1%,±100ppm/°C,Thick Film,Compliant,303-0805W8F4703T5E,Basic,C17709,https://www.uni-royal.cn/en/images/userfile/file/1668661899c56505e6d9ab55c7.pdf
0402WGF5103TCE,Uniroyal Electronics Industry,510k 1% 0402 General Thick Film Resistor,Device:R,Chip:RESC1005X40_NOMB,510k,50V,62.5mW,±1%,±100ppm/°C,Thick Film,Compliant,303-0402WGF5103TCE,Preferred,C11616,https://www.uni-royal.cn/en/images/userfile/file/1668661899c56505e6d9ab55c7.pdf
0603WAF5103T5E,Uniroyal Electronics Industry,510k 1% 0603 General Thick Film Resistor,Device:R,Chip:RESC1608X55_NOMB,510k,75V,100mW,±1%,±100ppm/°C,Thick Film,Compliant,303-0603WAF5103T5E,Basic,C23192,https://www.uni-royal.cn/en/images/userfile/file/1668661899c56505e6d9ab55c7.pdf
0805W8F5103T5E,Uniroyal Electronics Industry,510k 1% 0805 General Thick Film Resistor,Device:R,Chip:RESC2012X65_NOMB,510k,150V,125mW,±1%,±100ppm/°C,Thick Film,Compliant,303-0805W8F5103T5E,Preferred,C17733,https://www.uni-royal.cn/en/images/userfile/file/1668661899c56505e6d9ab55c7.pdf
0603WAF5603T5E,Uniroyal Electronics Industry,560k 1% 0603 General Thick Film Resistor,Device:R,Chip:RESC1608X55_NOMB,560k,75V,100mW,±1%,±100ppm/°C,Thick Film,Compliant,303-0603WAF5603T5E,Preferred,C23203,https://www.uni-royal.cn/en/images/userfile/file/1668661899c56505e6d9ab55c7.pdf
0805W8F6803T5E,Uniroyal Electronics Industry,680k 1% 0805 General Thick Film Resistor,Device:R,Chip:RESC2012X65_NOMB,680k,150V,125mW,±1%,±100ppm/°C,Thick Film,Compliant,303-0805W8F6803T5E,Preferred,C17797,https://www.uni-royal.cn/en/images/userfile/file/1668661899c56505e6d9ab55c7.pdf
0603WAF7503T5E,Uniroyal Electronics Industry,750k 1% 0603 General Thick Film Resistor,Device:R,Chip:RESC1608X55_NOMB,750k,75V,100mW,±1%,±100ppm/°C,Thick Film,Compliant,303-0603WAF7503T5E,Preferred,C23240,https://www.uni-royal.cn/en/images/userfile/file/1668661899c56505e6d9ab55c7.pdf
0603WAF1004T5E,Uniroyal Electronics Industry,1M 1% 0603 General Thick Film Resistor,Device:R,Chip:RESC1608X55_NOMB,1M,75V,100mW,±1%,±100ppm/°C,Thick Film,Compliant,303-0603WAF1004T5E,Basic,C22935,https://www.uni-royal.cn/en/images/userfile/file/1668661899c56505e6d9ab55c7.pdf
0805W8F1004T5E,Uniroyal Electronics Industry,1M 1% 0805 General Thick Film Resistor,Device:R,Chip:RESC2012X65_NOMB,1M,150V,125mW,±1%,±100ppm/°C,Thick Film,Compliant,303-0805W8F1004T5E,Basic,C17514,https://www.uni-royal.cn/en/images/userfile/file/1668661899c56505e6d9ab55c7.pdf
1206W4F1004T5E,Uniroyal Electronics Industry,1M 1% 1206 General Thick Film Resistor,Device:R,Chip:RESC3216X65_NOMB,1M,200V,250mW,±1%,±100ppm/°C,Thick Film,Compliant,303-1206W4F1004T5E,Basic,C17927,https://www.uni-royal.cn/en/images/userfile/file/1668661899c56505e6d9ab55c7.pdf
1206W4F1204T5E,Uniroyal Electronics Industry,1.2M 1% 1206 General Thick Film Resistor,Device:R,Chip:RESC3216X65_NOMB,1.2M,200V,250mW,±1%,±100ppm/°C,Thick Film,Compliant,303-1206W4F1204T5E,Preferred,C22107,https://www.uni-royal.cn/en/images/userfile/file/1668661899c56505e6d9ab55c7.pdf
0603WAF1504T5E,Uniroyal Electronics Industry,1.5M 1% 0603 General Thick Film Resistor,Device:R,Chip:RESC1608X55_NOMB,1.5M,75V,100mW,±1%,±100ppm/°C,Thick Film,Compliant,303-0603WAF1504T5E,Preferred,C4172,https://www.uni-royal.cn/en/images/userfile/file/1668661899c56505e6d9ab55c7.pdf
0603WAF2004T5E,Uniroyal Electronics Industry,2M 1% 0603 General Thick Film Resistor,Device:R,Chip:RESC1608X55_NOMB,2M,75V,100mW,±1%,±100ppm/°C,Thick Film,Compliant,303-0603WAF2004T5E,Basic,C22976,https://www.uni-royal.cn/en/images/userfile/file/1668661899c56505e6d9ab55c7.pdf
0603WAF2204T5E,Uniroyal Electronics Industry,2.2M 1% 0603 General Thick Film Resistor,Device:R,Chip:RESC1608X55_NOMB,2.2M,75V,100mW,±1%,±100ppm/°C,Thick Film,Compliant,303-0603WAF2204T5E,Preferred,C22938,https://www.uni-royal.cn/en/images/userfile/file/1668661899c56505e6d9ab55c7.pdf
0603WAF3004T5E,Uniroyal Electronics Industry,3M 1% 0603 General Thick Film Resistor,Device:R,Chip:RESC1608X55_NOMB,3M,75V,100mW,±1%,±100ppm/°C,Thick Film,Compliant,303-0603WAF3004T5E,Preferred,C23156,https://www.uni-royal.cn/en/images/userfile/file/1668661899c56505e6d9ab55c7.pdf
0603WAF4704T5E,Uniroyal Electronics Industry,4.7M 1% 0603 General Thick Film Resistor,Device:R,Chip:RESC1608X55_NOMB,4.7M,75V,100mW,±1%,±100ppm/°C,Thick Film,Compliant,303-0603WAF4704T5E,Preferred,C23163,https://www.uni-royal.cn/en/images/userfile/file/1668661899c56505e6d9ab55c7.pdf
0603WAF5104T5E,Uniroyal Electronics Industry,5.1M 1% 0603 General Thick Film Resistor,Device:R,Chip:RESC1608X55_NOMB,5.1M,75V,100mW,±1%,±100ppm/°C,Thick Film,Compliant,303-0603WAF5104T5E,Preferred,C13320,https://www.uni-royal.cn/en/images/userfile/file/1668661899c56505e6d9ab55c7.pdf
0603WAF1005T5E,Uniroyal Electronics Industry,10M 1% 0603 General Thick Film Resistor,Device:R,Chip:RESC1608X55_NOMB,10M,75V,100mW,±1%,±100ppm/°C,Thick Film,Compliant,303-0603WAF1005T5E,Basic,C7250,https://www.uni-royal.cn/en/images/userfile/file/1668661899c56505e6d9ab55c7.pdf
